date,day,active_services,Number_of_Active_services,Number_of_Active_Trips,category
2024-12-15,sunday,['100347-2'],1,8964,10
2024-12-16,monday,['100347-7'],1,13876,16
2024-12-17,tuesday,['100347-7'],1,13876,16
2024-12-18,wednesday,['100347-7'],1,13876,16
2024-12-19,thursday,['100347-7'],1,13876,16
2024-12-20,friday,"['100347-8', '100347-12', '100347-038e6790dac6c885', '100347-09a65ff3bf221ab0', '100347-03b72601c5d73aac', '100347-0496545ad1f222bf', '100347-0622dbea6c7fa135', '100347-041383092932c5b5']",8,14999,18
2024-12-21,saturday,"['100347-10', '100347-14', '100347-038e6790dac6c885', '100347-09a65ff3bf221ab0', '100347-082c369587bde058', '100347-0622dbea6c7fa135', '100347-041383092932c5b5']",7,10569,7
2024-12-22,sunday,"['100347-2', '100347-038e6790dac6c885', '100347-09a65ff3bf221ab0', '100347-082c369587bde058']",4,9798,11
2024-12-23,monday,"['100347-0908c966eabe46c1', '100347-07b2cf94d333d9ff', '100347-038e6790dac6c885', '100347-09a65ff3bf221ab0', '100347-03b72601c5d73aac', '100347-0496545ad1f222bf', '100347-046dc0c6bdea2e78']",7,14871,3
2024-12-24,tuesday,"['100347-0908c966eabe46c1', '100347-07b2cf94d333d9ff', '100347-038e6790dac6c885', '100347-09a65ff3bf221ab0', '100347-03b72601c5d73aac', '100347-0496545ad1f222bf', '100347-046dc0c6bdea2e78']",7,14871,3
2024-12-25,wednesday,"['100347-2', '100347-038e6790dac6c885', '100347-09a65ff3bf221ab0', '100347-082c369587bde058']",4,9798,11
2024-12-26,thursday,"['100347-0908c966eabe46c1', '100347-07b2cf94d333d9ff', '100347-038e6790dac6c885', '100347-09a65ff3bf221ab0', '100347-03b72601c5d73aac', '100347-0496545ad1f222bf', '100347-046dc0c6bdea2e78']",7,14871,3
2024-12-27,friday,"['100347-5', '100347-15', '100347-0908c966eabe46c1', '100347-07b2cf94d333d9ff', '100347-038e6790dac6c885', '100347-044b5f27a2e534bc', '100347-03d65e5cb5b6d449', '100347-0496545ad1f222bf', '100347-023de4510d07c907', '100347-046dc0c6bdea2e78', '100347-041383092932c5b5']",11,14924,15
2024-12-28,saturday,"['100347-10', '100347-18', '100347-038e6790dac6c885', '100347-0a18f67f9a250737', '100347-044b5f27a2e534bc', '100347-03d65e5cb5b6d449', '100347-041383092932c5b5']",7,10569,8
2024-12-29,sunday,"['100347-2', '100347-17', '100347-038e6790dac6c885', '100347-0a18f67f9a250737', '100347-044b5f27a2e534bc']",5,9798,12
2024-12-30,monday,"['100347-16', '100347-0908c966eabe46c1', '100347-07b2cf94d333d9ff', '100347-038e6790dac6c885', '100347-044b5f27a2e534bc', '100347-0496545ad1f222bf', '100347-023de4510d07c907', '100347-046dc0c6bdea2e78']",8,14871,9
2024-12-31,tuesday,"['100347-0908c966eabe46c1', '100347-07b2cf94d333d9ff', '100347-046dc0c6bdea2e78']",3,13801,4
2025-01-01,wednesday,['100347-2'],1,8964,10
2025-01-02,thursday,['100347-7'],1,13876,16
2025-01-03,friday,['100347-8'],1,13881,17
2025-01-04,saturday,['100347-10'],1,9687,6
2025-01-05,sunday,['100347-2'],1,8964,10
2025-01-06,monday,['100347-7'],1,13876,16
2025-01-07,tuesday,['100347-7'],1,13876,16
2025-01-08,wednesday,['100347-7'],1,13876,16
2025-01-09,thursday,['100347-7'],1,13876,16
2025-01-10,friday,['100347-8'],1,13881,17
2025-01-11,saturday,['100347-10'],1,9687,6
2025-01-12,sunday,['100347-2'],1,8964,10
2025-01-13,monday,['100347-7'],1,13876,16
2025-01-14,tuesday,['100347-7'],1,13876,16
2025-01-15,wednesday,['100347-7'],1,13876,16
2025-01-16,thursday,['100347-7'],1,13876,16
2025-01-17,friday,"['100347-5', '100347-0908c966eabe46c1', '100347-07b2cf94d333d9ff', '100347-046dc0c6bdea2e78']",4,13806,14
2025-01-18,saturday,['100347-10'],1,9687,6
2025-01-19,sunday,['100347-2'],1,8964,10
2025-01-20,monday,"['100347-1', '100347-0908c966eabe46c1']",2,10002,5
2025-01-21,tuesday,['100347-7'],1,13876,16
2025-01-22,wednesday,['100347-7'],1,13876,16
2025-01-23,thursday,['100347-7'],1,13876,16
2025-01-24,friday,['100347-8'],1,13881,17
2025-01-25,saturday,['100347-10'],1,9687,6
2025-01-26,sunday,['100347-2'],1,8964,10
2025-01-27,monday,"['100347-0908c966eabe46c1', '100347-07b2cf94d333d9ff', '100347-046dc0c6bdea2e78']",3,13801,4
2025-01-28,tuesday,['100347-7'],1,13876,16
2025-01-29,wednesday,['100347-7'],1,13876,16
2025-01-30,thursday,['100347-7'],1,13876,16
2025-01-31,friday,['100347-8'],1,13881,17
2025-02-01,saturday,['100347-10'],1,9687,6
2025-02-02,sunday,['100347-2'],1,8964,10
2025-02-03,monday,['100347-7'],1,13876,16
2025-02-04,tuesday,['100347-7'],1,13876,16
2025-02-05,wednesday,['100347-7'],1,13876,16
2025-02-06,thursday,['100347-7'],1,13876,16
2025-02-07,friday,['100347-8'],1,13881,17
2025-02-08,saturday,['100347-10'],1,9687,6
2025-02-09,sunday,['100347-2'],1,8964,10
2025-02-10,monday,['100347-7'],1,13876,16
2025-02-11,tuesday,['100347-7'],1,13876,16
2025-02-12,wednesday,['100347-7'],1,13876,16
2025-02-13,thursday,['100347-7'],1,13876,16
2025-02-14,friday,"['100347-5', '100347-0908c966eabe46c1', '100347-07b2cf94d333d9ff', '100347-046dc0c6bdea2e78']",4,13806,14
2025-02-15,saturday,['100347-10'],1,9687,6
2025-02-16,sunday,['100347-2'],1,8964,10
2025-02-17,monday,"['100347-1', '100347-0908c966eabe46c1']",2,10002,5
2025-02-18,tuesday,['100347-7'],1,13876,16
2025-02-19,wednesday,['100347-7'],1,13876,16
2025-02-20,thursday,['100347-7'],1,13876,16
2025-02-21,friday,['100347-8'],1,13881,17
2025-02-22,saturday,['100347-10'],1,9687,6
2025-02-23,sunday,['100347-2'],1,8964,10
2025-02-24,monday,['100347-7'],1,13876,16
2025-02-25,tuesday,['100347-7'],1,13876,16
2025-02-26,wednesday,['100347-7'],1,13876,16
2025-02-27,thursday,['100347-7'],1,13876,16
2025-02-28,friday,['100347-8'],1,13881,17
2025-03-01,saturday,['100347-10'],1,9687,6
2025-03-02,sunday,['100347-2'],1,8964,10
2025-03-03,monday,['100347-7'],1,13876,16
2025-03-04,tuesday,['100347-7'],1,13876,16
2025-03-05,wednesday,['100347-7'],1,13876,16
2025-03-06,thursday,['100347-7'],1,13876,16
2025-03-07,friday,['100347-8'],1,13881,17
2025-03-08,saturday,['100347-10'],1,9687,6
2025-03-09,sunday,['100347-2'],1,8964,10
2025-03-10,monday,['100347-7'],1,13876,16
2025-03-11,tuesday,['100347-7'],1,13876,16
2025-03-12,wednesday,['100347-7'],1,13876,16
2025-03-13,thursday,"['100347-0908c966eabe46c1', '100347-07b2cf94d333d9ff', '100347-046dc0c6bdea2e78']",3,13801,4
2025-03-14,friday,"['100347-5', '100347-0908c966eabe46c1', '100347-07b2cf94d333d9ff', '100347-046dc0c6bdea2e78']",4,13806,14
2025-03-15,saturday,['100347-10'],1,9687,6
2025-03-16,sunday,['100347-2'],1,8964,10
2025-03-17,monday,['100347-7'],1,13876,16
2025-03-18,tuesday,['100347-7'],1,13876,16
2025-03-19,wednesday,['100347-7'],1,13876,16
2025-03-20,thursday,['100347-7'],1,13876,16
2025-03-21,friday,['100347-8'],1,13881,17
2025-03-22,saturday,['100347-10'],1,9687,6
2025-03-23,sunday,['100347-2'],1,8964,10
2025-03-24,monday,['100347-7'],1,13876,16
2025-03-25,tuesday,['100347-7'],1,13876,16
2025-03-26,wednesday,['100347-7'],1,13876,16
2025-03-27,thursday,['100347-7'],1,13876,16
2025-03-28,friday,['100347-8'],1,13881,17
2025-03-29,saturday,['100347-10'],1,9687,6
2025-03-30,sunday,['100347-2'],1,8964,10
2025-03-31,monday,"['100347-0908c966eabe46c1', '100347-07b2cf94d333d9ff']",2,13748,2
2025-04-01,tuesday,['100347-7'],1,13876,16
2025-04-02,wednesday,['100347-7'],1,13876,16
2025-04-03,thursday,['100347-7'],1,13876,16
2025-04-04,friday,['100347-8'],1,13881,17
2025-04-05,saturday,['100347-10'],1,9687,6
2025-04-06,sunday,['100347-2'],1,8964,10
2025-04-07,monday,"['100347-0908c966eabe46c1', '100347-07b2cf94d333d9ff', '100347-046dc0c6bdea2e78']",3,13801,4
2025-04-08,tuesday,['100347-7'],1,13876,16
2025-04-09,wednesday,['100347-7'],1,13876,16
2025-04-10,thursday,['100347-7'],1,13876,16
2025-04-11,friday,['100347-8'],1,13881,17
2025-04-12,saturday,['100347-10'],1,9687,6
2025-04-13,sunday,['100347-2'],1,8964,10
2025-04-14,monday,"['100347-0908c966eabe46c1', '100347-07b2cf94d333d9ff', '100347-046dc0c6bdea2e78']",3,13801,4
2025-04-15,tuesday,"['100347-0908c966eabe46c1', '100347-07b2cf94d333d9ff', '100347-046dc0c6bdea2e78']",3,13801,4
2025-04-16,wednesday,"['100347-0908c966eabe46c1', '100347-07b2cf94d333d9ff', '100347-046dc0c6bdea2e78']",3,13801,4
2025-04-17,thursday,"['100347-0908c966eabe46c1', '100347-07b2cf94d333d9ff', '100347-046dc0c6bdea2e78']",3,13801,4
2025-04-18,friday,"['100347-5', '100347-0908c966eabe46c1', '100347-07b2cf94d333d9ff', '100347-046dc0c6bdea2e78']",4,13806,14
2025-04-19,saturday,['100347-10'],1,9687,6
2025-04-20,sunday,['100347-2'],1,8964,10
2025-04-21,monday,['100347-7'],1,13876,16
2025-04-22,tuesday,['100347-7'],1,13876,16
2025-04-23,wednesday,['100347-7'],1,13876,16
2025-04-24,thursday,['100347-7'],1,13876,16
2025-04-25,friday,['100347-8'],1,13881,17
2025-04-26,saturday,['100347-10'],1,9687,6
2025-04-27,sunday,['100347-2'],1,8964,10
2025-04-28,monday,['100347-7'],1,13876,16
2025-04-29,tuesday,['100347-7'],1,13876,16
2025-04-30,wednesday,['100347-7'],1,13876,16
2025-05-01,thursday,['100347-7'],1,13876,16
2025-05-02,friday,['100347-8'],1,13881,17
2025-05-03,saturday,['100347-10'],1,9687,6
2025-05-04,sunday,['100347-2'],1,8964,10
2025-05-05,monday,['100347-7'],1,13876,16
2025-05-06,tuesday,['100347-7'],1,13876,16
2025-05-07,wednesday,['100347-7'],1,13876,16
2025-05-08,thursday,['100347-7'],1,13876,16
2025-05-09,friday,['100347-8'],1,13881,17
2025-05-10,saturday,['100347-10'],1,9687,6
2025-05-11,sunday,['100347-2'],1,8964,10
2025-05-12,monday,['100347-7'],1,13876,16
2025-05-13,tuesday,['100347-7'],1,13876,16
2025-05-14,wednesday,['100347-7'],1,13876,16
2025-05-15,thursday,['100347-7'],1,13876,16
2025-05-16,friday,['100347-8'],1,13881,17
2025-05-17,saturday,['100347-10'],1,9687,6
2025-05-18,sunday,['100347-2'],1,8964,10
2025-05-19,monday,['100347-7'],1,13876,16
2025-05-20,tuesday,['100347-7'],1,13876,16
2025-05-21,wednesday,['100347-7'],1,13876,16
2025-05-22,thursday,['100347-7'],1,13876,16
2025-05-23,friday,['100347-8'],1,13881,17
2025-05-24,saturday,['100347-10'],1,9687,6
2025-05-25,sunday,['100347-2'],1,8964,10
2025-05-26,monday,['100347-2'],1,8964,10
2025-05-27,tuesday,['100347-7'],1,13876,16
2025-05-28,wednesday,['100347-7'],1,13876,16
2025-05-29,thursday,['100347-7'],1,13876,16
2025-05-30,friday,['100347-8'],1,13881,17
2025-05-31,saturday,['100347-10'],1,9687,6
2025-06-01,sunday,['100347-2'],1,8964,10
2025-06-02,monday,['100347-7'],1,13876,16
2025-06-03,tuesday,['100347-7'],1,13876,16
2025-06-04,wednesday,['100347-7'],1,13876,16
2025-06-05,thursday,['100347-7'],1,13876,16
2025-06-06,friday,['100347-8'],1,13881,17
2025-06-07,saturday,['100347-10'],1,9687,6
2025-06-08,sunday,['100347-2'],1,8964,10
2025-06-09,monday,['100347-7'],1,13876,16
2025-06-10,tuesday,['100347-7'],1,13876,16
2025-06-11,wednesday,['100347-7'],1,13876,16
2025-06-12,thursday,['100347-7'],1,13876,16
2025-06-13,friday,['100347-8'],1,13881,17
2025-06-14,saturday,['100347-10'],1,9687,6
2025-06-15,sunday,['100347-2'],1,8964,10
2025-06-16,monday,['100347-7'],1,13876,16
2025-06-17,tuesday,"['100347-0908c966eabe46c1', '100347-07b2cf94d333d9ff', '100347-046dc0c6bdea2e78']",3,13801,4
2025-06-18,wednesday,"['100347-0908c966eabe46c1', '100347-07b2cf94d333d9ff', '100347-046dc0c6bdea2e78']",3,13801,4
2025-06-19,thursday,"['100347-1', '100347-0908c966eabe46c1']",2,10002,5
2025-06-20,friday,"['100347-5', '100347-0908c966eabe46c1', '100347-07b2cf94d333d9ff', '100347-046dc0c6bdea2e78']",4,13806,14
2025-06-21,saturday,['100347-10'],1,9687,6
2025-06-22,sunday,['100347-2'],1,8964,10
2025-06-23,monday,"['100347-0908c966eabe46c1', '100347-07b2cf94d333d9ff', '100347-046dc0c6bdea2e78']",3,13801,4
2025-06-24,tuesday,"['100347-0908c966eabe46c1', '100347-07b2cf94d333d9ff', '100347-046dc0c6bdea2e78']",3,13801,4
2025-06-25,wednesday,"['100347-0908c966eabe46c1', '100347-07b2cf94d333d9ff', '100347-046dc0c6bdea2e78']",3,13801,4
2025-06-26,thursday,"['100347-0908c966eabe46c1', '100347-07b2cf94d333d9ff', '100347-046dc0c6bdea2e78']",3,13801,4
2025-06-27,friday,"['100347-5', '100347-0908c966eabe46c1', '100347-07b2cf94d333d9ff', '100347-046dc0c6bdea2e78']",4,13806,14
2025-06-28,saturday,['100347-10'],1,9687,6
2025-06-29,sunday,[],0,0,1
2025-06-30,monday,"['100347-0908c966eabe46c1', '100347-07b2cf94d333d9ff', '100347-046dc0c6bdea2e78']",3,13801,4
2025-07-01,tuesday,"['100347-0908c966eabe46c1', '100347-07b2cf94d333d9ff', '100347-046dc0c6bdea2e78']",3,13801,4
2025-07-02,wednesday,"['100347-0908c966eabe46c1', '100347-07b2cf94d333d9ff', '100347-046dc0c6bdea2e78']",3,13801,4
2025-07-03,thursday,"['100347-0908c966eabe46c1', '100347-07b2cf94d333d9ff', '100347-046dc0c6bdea2e78']",3,13801,4
2025-07-04,friday,['100347-3'],1,4178,13
